{"cameraMode":{"drawMode":0,"name":"Shaded","section":"Shading Mode"},"sceneLighting":true,"audioPlay":false,"sceneViewState":{"m_AlwaysRefresh":false,"showFog":true,"showSkybox":true,"showFlares":true,"showImageEffects":true,"showParticleSystems":true,"showVisualEffectGraphs":true,"m_FxEnabled":true},"in2DMode":false,"pivot":{"x":-27.28302764892578,"y":-129.12872314453126,"z":383.66717529296877},"rotation":{"x":-0.1645127236843109,"y":0.024259785190224649,"z":-0.004047741182148457,"w":-0.9860953092575073},"size":224.8928985595703,"orthographic":false}